item_code,description,category,spec,canonical_unit,pack_qty,default_waste_pct,manual_override_price,wickes_url,wickes_pack_qty,bq_url,bq_pack_qty,notes
TIM-C16-4X2-2.4,4x2 C16 kiln dried (untreated) 2.4m,Timber,"C16, kiln dried, untreated, 45x95mm finished, 2400mm",m,2.4,10%,,https://www.wickes.co.uk/Wickes-Kiln-Dried-Regularised-C16-Timber---45-x-95-x-2400mm/p/178635,,https://www.diy.com/departments/planed-c16-whitewood-spruce-stick-timber-l-2-4m-w-95mm-t-45mm/1798326_BQ.prd,,"Internal studwork. Wickes is regularised, B&Q is planed: same grade and finished size."
TIM-C16T-4X2-2.4,4x2 C16 treated 2.4m,Timber,"C16, kiln dried, pressure treated, 45x95mm finished, 2400mm",m,2.4,10%,,https://www.wickes.co.uk/Wickes-Kiln-Dried-Regularised-Treated-C16---45-x-95-x-2400mm/p/166403,,,,"No B&Q match: B&Q's own 45x95 C16 is untreated; treated 4x2 on diy.com is marketplace-only and graded 'C16/C24'."
TIM-C16T-4X2-4.8,4x2 C16 treated 4.8m,Timber,"C16, kiln dried, pressure treated, 45x95mm finished, 4800mm",m,4.8,10%,,https://www.wickes.co.uk/Wickes-Kiln-Dried-Regularised-Treated-C16-Timber---45-x-95-x-4800mm/p/114304,,,,"No B&Q match (as above). Neither supplier sells its own C24 in 4x2, so the kickoff's C24 4x2 became C16."
TIM-C24T-6X2-3.6,6x2 C24 treated 3.6m,Timber,"C24, kiln dried, pressure treated, 45x145mm finished, 3600mm",m,3.6,10%,,https://www.wickes.co.uk/Wickes-Kiln-Dried-Regularised-Treated-C24-Timber---45-x-145-x-3600mm/p/178226,,,,No B&Q match: C24 6x2 on diy.com is marketplace-only.
BAT-25X38-3.6,Roofing batten treated 25x38 3.6m,Timber,"Treated sawn roof batten, 25x38mm, 3600mm",m,3.6,10%,,https://www.wickes.co.uk/Wickes-Treated-Timber-Roof-Batten---25-x-38-x-3600mm/p/9000263480,,,,"Wickes only sells 25x38 in 3.6m, so spec is 3.6m (kickoff asked 4.8m). B&Q's own 4.8m batten (888764) is sold out; the rest are marketplace."
OSB3-18,OSB3 18mm 2440x1220,Sheet goods,"OSB3, 18mm, 2440x1220mm, square edge",sheet,1,5%,,https://www.wickes.co.uk/General-Purpose-OSB-3-Sheet---18-x-1220-x-2440mm/p/110517,,https://www.diy.com/departments/osb-3-osb-l-2440mm-w-1220mm-t-18mm/1696229_BQ.prd,,
PB-125-TE,Plasterboard 12.5mm tapered edge 2400x1200,Sheet goods,"Standard wallboard (Type A), 12.5mm, tapered edge, 2400x1200mm",sheet,1,10%,,https://www.wickes.co.uk/Knauf-Tapered-Edge-Plasterboard---12-5-x-1200-x-2400mm/p/220210,,https://www.diy.com/departments/gyproc-standard-tapered-edge-12-5mm-plasterboard-l-2-4m-w-1-2m/35760_BQ.prd,,"Brands differ (Wickes Knauf, B&Q Gyproc); same board type, edge and size."
PLY-18-STR,Structural ply 18mm 2440x1220,Sheet goods,"Structural softwood plywood CE2+, 18mm, 2440x1220mm",sheet,1,5%,,https://www.wickes.co.uk/Structural-CE2+-Plywood-Sheet---18-x-1220-x-2440mm/p/252240,,,,"No confirmed B&Q match: B&Q 945875 says 'suitable for structural use' but gives no CE2+ class. Paste it into bq_url if you're happy it's equivalent."
CEM-MC-25,Blue Circle Mastercrete cement 25kg,Bagged goods,"Blue Circle Mastercrete multi-purpose cement, 25kg",bag,1,0%,,https://www.wickes.co.uk/Blue-Circle-Mastercrete-Cement---25kg/p/154100,,https://www.diy.com/departments/blue-circle-mastercrete-grey-cement-25kg-bag/35720_BQ.prd,,Identical product at both.
SAND-BLD-BULK,Building sand bulk bag,Bagged goods,"Soft building sand, bulk bag (~800kg)",bag,1,0%,,https://www.wickes.co.uk/Suburban-Build-Building-Sand---Jumbo-Bag/p/131889,,https://www.diy.com/departments/building-sand-bulk-bag-16m-/35696_BQ.prd,,"Wickes Jumbo bag is listed at ~800kg; B&Q gives coverage (16m²) not weight. Delivery charges not included."
SCR-4X50,Wood screws 4.0x50 (yellow zinc),Fixings,"4.0x50mm countersunk pozi wood screw, yellow zinc",each,200,5%,,https://www.wickes.co.uk/Wickes-Single-Thread-Zinc+Yellow-Screw---4-X-50mm-Pack-Of-200/p/225657,,https://www.diy.com/departments/diall-double-countersunk-yellow-passivated-carbon-steel-screw-dia-4mm-l-50mm-pack-of-100/3663602745822_BQ.prd,100,"Wickes pack of 200, B&Q pack of 100 (set in bq_pack_qty)."
